{"cameraMode":{"drawMode":0,"name":"Shaded","section":"Shading Mode"},"sceneLighting":true,"audioPlay":false,"sceneViewState":{"m_AlwaysRefresh":false,"showFog":true,"showSkybox":true,"showFlares":true,"showImageEffects":true,"showParticleSystems":true,"showVisualEffectGraphs":true,"m_FxEnabled":true},"in2DMode":false,"pivot":{"x":0.2359246015548706,"y":6.689724445343018,"z":37.808868408203128},"rotation":{"x":0.17477363348007203,"y":-0.03425893560051918,"z":0.006168426480144262,"w":0.983868420124054},"size":2.544846296310425,"orthographic":false}